	count
_wt	18893
c.2A>T (p.Glu1Val)	6
c.1G>T (p.Glu1Ter)	4
c.1G>A (p.Glu1Asn), c.3G>C (p.Glu1Asn)	3
c.1G>A (p.Glu1Lys)	3
c.2A>G (p.Glu1Gly)	2
c.2A>C (p.Glu1Ala), c.3G>C (p.Glu1Ala)	2
c.1G>A (p.Glu1Met), c.2A>T (p.Glu1Met)	2
c.2A>G (p.Glu1Gly), c.3G>C (p.Glu1Gly)	2
c.1G>T (p.Glu1Leu), c.2A>T (p.Glu1Leu)	2
c.3G>C (p.Glu1Asp)	2
c.1G>T (p.Glu1Cys), c.2A>G (p.Glu1Cys), c.3G>C (p.Glu1Cys)	1
c.1G>C (p.Glu1Arg), c.2A>G (p.Glu1Arg)	1
c.1G>A (p.Glu1Thr), c.2A>C (p.Glu1Thr), c.3G>C (p.Glu1Thr)	1
c.1G>C (p.Glu1Pro), c.2A>C (p.Glu1Pro), c.3G>C (p.Glu1Pro)	1
c.2A>C (p.Glu1Ala)	1
c.1G>C (p.Glu1Arg), c.2A>G (p.Glu1Arg), c.3G>C (p.Glu1Arg)	1
c.1G>C (p.Glu1Leu), c.2A>T (p.Glu1Leu), c.3G>C (p.Glu1Leu)	1
c.1G>T (p.Glu1Phe), c.2A>T (p.Glu1Phe), c.3G>C (p.Glu1Phe)	1
c.1G>T (p.Glu1Tyr), c.3G>C (p.Glu1Tyr)	1
c.1G>T (p.Glu1Ser), c.2A>C (p.Glu1Ser), c.3G>C (p.Glu1Ser)	1
c.1G>T (p.Glu1Trp), c.2A>G (p.Glu1Trp)	1
c.1G>C (p.Glu1His), c.3G>C (p.Glu1His)	1
c.1G>A (p.Glu1Ile), c.2A>T (p.Glu1Ile), c.3G>C (p.Glu1Ile)	1
c.1G>C (p.Glu1Pro), c.2A>C (p.Glu1Pro)	1
c.1G>A (p.Glu1Ser), c.2A>G (p.Glu1Ser), c.3G>C (p.Glu1Ser)	1
c.1G>C (p.Glu1Leu), c.2A>T (p.Glu1Leu)	1
c.2A>T (p.Glu1Val), c.3G>C (p.Glu1Val)	1
c.1G>C (p.Glu1Gln)	1
c.1G>A (p.Glu1Arg), c.2A>G (p.Glu1Arg)	1
c.1G>T (p.Glu1Ser), c.2A>C (p.Glu1Ser)	1
c.1G>A (p.Glu1Thr), c.2A>C (p.Glu1Thr)	1
