	c_0	c_1
_wt	1090.0	18880.0
c.1G>A (p.Glu1Arg), c.2A>G (p.Glu1Arg)	732.0	1.0
c.1G>A (p.Glu1Asn), c.3G>C (p.Glu1Asn)	330.0	3.0
c.1G>A (p.Glu1Ile), c.2A>T (p.Glu1Ile), c.3G>C (p.Glu1Ile)	119.0	1.0
c.1G>A (p.Glu1Lys)	12.0	3.0
c.1G>A (p.Glu1Met), c.2A>T (p.Glu1Met)	1428.0	2.0
c.1G>A (p.Glu1Ser), c.2A>G (p.Glu1Ser), c.3G>C (p.Glu1Ser)	583.0	1.0
c.1G>A (p.Glu1Thr), c.2A>C (p.Glu1Thr)	810.0	1.0
c.1G>A (p.Glu1Thr), c.2A>C (p.Glu1Thr), c.3G>C (p.Glu1Thr)	133.0	1.0
c.1G>C (p.Glu1Arg), c.2A>G (p.Glu1Arg)	240.0	1.0
c.1G>C (p.Glu1Arg), c.2A>G (p.Glu1Arg), c.3G>C (p.Glu1Arg)	301.0	1.0
c.1G>C (p.Glu1Gln)	419.0	1.0
c.1G>C (p.Glu1His), c.3G>C (p.Glu1His)	1.0	1.0
c.1G>C (p.Glu1Leu), c.2A>T (p.Glu1Leu)	411.0	1.0
c.1G>C (p.Glu1Leu), c.2A>T (p.Glu1Leu), c.3G>C (p.Glu1Leu)	1.0	1.0
c.1G>C (p.Glu1Pro), c.2A>C (p.Glu1Pro)	97.0	1.0
c.1G>C (p.Glu1Pro), c.2A>C (p.Glu1Pro), c.3G>C (p.Glu1Pro)	189.0	1.0
c.1G>T (p.Glu1Cys), c.2A>G (p.Glu1Cys), c.3G>C (p.Glu1Cys)	689.0	1.0
c.1G>T (p.Glu1Leu), c.2A>T (p.Glu1Leu)	463.0	2.0
c.1G>T (p.Glu1Phe), c.2A>T (p.Glu1Phe), c.3G>C (p.Glu1Phe)	267.0	1.0
c.1G>T (p.Glu1Ser), c.2A>C (p.Glu1Ser)	969.0	1.0
c.1G>T (p.Glu1Ser), c.2A>C (p.Glu1Ser), c.3G>C (p.Glu1Ser)	209.0	1.0
c.1G>T (p.Glu1Ter)	997.0	4.0
c.1G>T (p.Glu1Trp), c.2A>G (p.Glu1Trp)	932.0	1.0
c.1G>T (p.Glu1Tyr), c.3G>C (p.Glu1Tyr)	293.0	1.0
c.2A>C (p.Glu1Ala)	762.0	1.0
c.2A>C (p.Glu1Ala), c.3G>C (p.Glu1Ala)	1383.0	2.0
c.2A>G (p.Glu1Gly)	1657.0	2.0
c.2A>G (p.Glu1Gly), c.3G>C (p.Glu1Gly)	685.0	2.0
c.2A>T (p.Glu1Val)	1237.0	6.0
c.2A>T (p.Glu1Val), c.3G>C (p.Glu1Val)	741.0	1.0
c.3G>C (p.Glu1Asp)	836.0	2.0
